ts_ist,index,action,side,strike,index_px,premium,lots,qty,pnl,reason,bar_ts
2026-08-04 09:15,NIFTY,OPEN,PE,24600,24599.8,31.17,1,65,,flip,1785815100
2026-08-04 11:30,SENSEX,OPEN,PE,78600,78629.5,65.77,1,20,,flip,1785823200
2026-08-04 15:20,NIFTY,CLOSE,PE,24600,24463.5,136.50,1,65,6786,eod,1785837000
2026-08-04 15:20,SENSEX,CLOSE,PE,78600,78324.6,275.29,1,20,4135,eod,1785837000
2026-08-05 09:15,SENSEX,OPEN,CE,78900,78875.7,513.61,1,20,,flip,1785901500
2026-08-05 12:15,SENSEX,CLOSE,CE,78900,78564.4,384.17,1,20,-2651,reverse,1785912300
2026-08-05 12:15,SENSEX,OPEN,PE,78600,78564.4,473.30,1,20,,flip,1785912300
2026-08-05 12:30,NIFTY,OPEN,PE,24550,24544.0,147.33,1,65,,flip,1785913200
2026-08-05 12:30,BANKNIFTY,OPEN,PE,57600,57602.3,736.11,1,30,,flip,1785913200
